{
    "train_loss": [
        1.2780254318575617,
        0.45790289810085555,
        0.3822585890294562,
        0.3516748312339696,
        0.33161940489304353,
        0.31647809984331515,
        0.30384467181070984,
        0.2931848406758726,
        0.28418195673880836,
        0.2762121170280998,
        0.26937425695050465,
        0.2634394834636636,
        0.2579448239022597,
        0.2532808448762303,
        0.24896182351333304,
        0.24515093556589607,
        0.24164463731915645,
        0.23855715112489556,
        0.23558819417441348,
        0.23294985078341837,
        0.2305357689991381,
        0.22832882350190503,
        0.22625158440029486,
        0.22441190104690698,
        0.22267422041803409,
        0.22117858653131467,
        0.21963847352468788,
        0.21830398279607047,
        0.2170768150445757,
        0.2158708222901107,
        0.214700170876039,
        0.21378133245040853,
        0.2127989266258583,
        0.21200743876074413,
        0.21114278840897738,
        0.2103720403929896,
        0.2096775358828143,
        0.20894602957825592,
        0.2083742113957997,
        0.2077802775390821,
        0.2072549287512487,
        0.2067278281531133,
        0.2062346982195455,
        0.20577380917265561,
        0.20534904265342074,
        0.2049598795949131,
        0.20458720424630272,
        0.20421299761302614,
        0.20388878544031788,
        0.20354658041836599
    ],
    "val_loss": [
        0.511659347958124,
        0.3723632578937758,
        0.3330307691149481,
        0.3110490089335538,
        0.29599594399615115,
        0.28303316974963383,
        0.2728991973591589,
        0.26372204197859295,
        0.2561429816163155,
        0.2497390736302995,
        0.24396947123431623,
        0.23800867668490566,
        0.23400340450147888,
        0.2298880930099956,
        0.22647450451346768,
        0.2233082860841429,
        0.21999034515489402,
        0.2170481687956587,
        0.21450379995946187,
        0.21234067158759706,
        0.21040692211075623,
        0.20842596263834023,
        0.2065428363611571,
        0.2050445222172831,
        0.20395638718082898,
        0.20220966162005938,
        0.20106832686417986,
        0.19981260574164206,
        0.19880153763176567,
        0.1978695422939206,
        0.1970510595196561,
        0.19608907785165408,
        0.19527462167687287,
        0.19468435896456363,
        0.19389466491094387,
        0.19319644592559593,
        0.19259780965025403,
        0.19227186332516735,
        0.19163992623707157,
        0.19111476442949124,
        0.1905252493925091,
        0.19024370792877227,
        0.1899437500946731,
        0.1893464743941133,
        0.1890775284813366,
        0.18879255311234158,
        0.18841753503137124,
        0.18815324267826034,
        0.1878557972563687,
        0.18770033893643195
    ],
    "val_accuracy": [
        0.877,
        0.9055,
        0.9149,
        0.921,
        0.9268,
        0.9306,
        0.9349,
        0.9375,
        0.9399,
        0.9423,
        0.9445,
        0.9482,
        0.9486,
        0.9512,
        0.951,
        0.9525,
        0.9547,
        0.9547,
        0.9567,
        0.9567,
        0.9576,
        0.9585,
        0.9593,
        0.9603,
        0.9598,
        0.9617,
        0.961,
        0.9616,
        0.9615,
        0.9617,
        0.9615,
        0.9619,
        0.9625,
        0.9629,
        0.9624,
        0.9627,
        0.963,
        0.9634,
        0.9636,
        0.964,
        0.964,
        0.9643,
        0.9642,
        0.9642,
        0.9643,
        0.9644,
        0.9648,
        0.9649,
        0.9651,
        0.9654
    ]
}